{"frames": [

{
	"filename": "animation_like_0.png",
	"frame": {"x":307,"y":449,"w":51,"h":50},
	"rotated": true,
	"trimmed": true,
	"spriteSourceSize": {"x":74,"y":75,"w":51,"h":50},
	"sourceSize": {"w":200,"h":200}
},
{
	"filename": "animation_like_1.png",
	"frame": {"x":325,"y":377,"w":51,"h":50},
	"rotated": true,
	"trimmed": true,
	"spriteSourceSize": {"x":74,"y":75,"w":51,"h":50},
	"sourceSize": {"w":200,"h":200}
},
{
	"filename": "animation_like_2.png",
	"frame": {"x":359,"y":430,"w":50,"h":50},
	"rotated": false,
	"trimmed": true,
	"spriteSourceSize": {"x":75,"y":75,"w":50,"h":50},
	"sourceSize": {"w":200,"h":200}
},
{
	"filename": "animation_like_3.png",
	"frame": {"x":569,"y":423,"w":48,"h":48},
	"rotated": false,
	"trimmed": true,
	"spriteSourceSize": {"x":76,"y":76,"w":48,"h":48},
	"sourceSize": {"w":200,"h":200}
},
{
	"filename": "animation_like_4.png",
	"frame": {"x":569,"y":473,"w":47,"h":46},
	"rotated": true,
	"trimmed": true,
	"spriteSourceSize": {"x":76,"y":77,"w":47,"h":46},
	"sourceSize": {"w":200,"h":200}
},
{
	"filename": "animation_like_5.png",
	"frame": {"x":569,"y":371,"w":50,"h":49},
	"rotated": true,
	"trimmed": true,
	"spriteSourceSize": {"x":75,"y":75,"w":50,"h":49},
	"sourceSize": {"w":200,"h":200}
},
{
	"filename": "animation_like_6.png",
	"frame": {"x":253,"y":449,"w":53,"h":52},
	"rotated": true,
	"trimmed": true,
	"spriteSourceSize": {"x":74,"y":73,"w":53,"h":52},
	"sourceSize": {"w":200,"h":200}
},
{
	"filename": "animation_like_7.png",
	"frame": {"x":253,"y":377,"w":70,"h":70},
	"rotated": false,
	"trimmed": true,
	"spriteSourceSize": {"x":65,"y":65,"w":70,"h":70},
	"sourceSize": {"w":200,"h":200}
},
{
	"filename": "animation_like_8.png",
	"frame": {"x":141,"y":377,"w":110,"h":110},
	"rotated": false,
	"trimmed": true,
	"spriteSourceSize": {"x":45,"y":45,"w":110,"h":110},
	"sourceSize": {"w":200,"h":200}
},
{
	"filename": "animation_like_9.png",
	"frame": {"x":1,"y":377,"w":138,"h":138},
	"rotated": false,
	"trimmed": true,
	"spriteSourceSize": {"x":31,"y":31,"w":138,"h":138},
	"sourceSize": {"w":200,"h":200}
},
{
	"filename": "animation_like_10.png",
	"frame": {"x":411,"y":371,"w":156,"h":156},
	"rotated": false,
	"trimmed": true,
	"spriteSourceSize": {"x":22,"y":22,"w":156,"h":156},
	"sourceSize": {"w":200,"h":200}
},
{
	"filename": "animation_like_11.png",
	"frame": {"x":745,"y":357,"w":166,"h":166},
	"rotated": false,
	"trimmed": true,
	"spriteSourceSize": {"x":17,"y":17,"w":166,"h":166},
	"sourceSize": {"w":200,"h":200}
},
{
	"filename": "animation_like_12.png",
	"frame": {"x":745,"y":1,"w":176,"h":176},
	"rotated": false,
	"trimmed": true,
	"spriteSourceSize": {"x":12,"y":12,"w":176,"h":176},
	"sourceSize": {"w":200,"h":200}
},
{
	"filename": "animation_like_13.png",
	"frame": {"x":377,"y":187,"w":182,"h":182},
	"rotated": false,
	"trimmed": true,
	"spriteSourceSize": {"x":9,"y":9,"w":182,"h":182},
	"sourceSize": {"w":200,"h":200}
},
{
	"filename": "animation_like_14.png",
	"frame": {"x":1,"y":1,"w":186,"h":186},
	"rotated": false,
	"trimmed": true,
	"spriteSourceSize": {"x":7,"y":7,"w":186,"h":186},
	"sourceSize": {"w":200,"h":200}
},
{
	"filename": "animation_like_15.png",
	"frame": {"x":1,"y":189,"w":186,"h":186},
	"rotated": false,
	"trimmed": true,
	"spriteSourceSize": {"x":7,"y":7,"w":186,"h":186},
	"sourceSize": {"w":200,"h":200}
},
{
	"filename": "animation_like_16.png",
	"frame": {"x":189,"y":1,"w":186,"h":186},
	"rotated": false,
	"trimmed": true,
	"spriteSourceSize": {"x":7,"y":7,"w":186,"h":186},
	"sourceSize": {"w":200,"h":200}
},
{
	"filename": "animation_like_17.png",
	"frame": {"x":189,"y":189,"w":186,"h":186},
	"rotated": false,
	"trimmed": true,
	"spriteSourceSize": {"x":7,"y":7,"w":186,"h":186},
	"sourceSize": {"w":200,"h":200}
},
{
	"filename": "animation_like_18.png",
	"frame": {"x":377,"y":1,"w":184,"h":184},
	"rotated": false,
	"trimmed": true,
	"spriteSourceSize": {"x":8,"y":8,"w":184,"h":184},
	"sourceSize": {"w":200,"h":200}
},
{
	"filename": "animation_like_19.png",
	"frame": {"x":561,"y":187,"w":182,"h":182},
	"rotated": false,
	"trimmed": true,
	"spriteSourceSize": {"x":9,"y":9,"w":182,"h":182},
	"sourceSize": {"w":200,"h":200}
},
{
	"filename": "animation_like_20.png",
	"frame": {"x":563,"y":1,"w":180,"h":180},
	"rotated": false,
	"trimmed": true,
	"spriteSourceSize": {"x":10,"y":10,"w":180,"h":180},
	"sourceSize": {"w":200,"h":200}
},
{
	"filename": "animation_like_21.png",
	"frame": {"x":745,"y":179,"w":176,"h":176},
	"rotated": false,
	"trimmed": true,
	"spriteSourceSize": {"x":12,"y":12,"w":176,"h":176},
	"sourceSize": {"w":200,"h":200}
}],
"meta": {
	"app": "https://www.codeandweb.com/texturepacker",
	"version": "1.0",
	"image": "animation_like.png",
	"format": "ETC2_RGBA",
	"size": {"w":922,"h":528},
	"scale": "1",
	"smartupdate": "$TexturePacker:SmartUpdate:14288f5867d3c163b30a2c61de23487d:222b6b70655456d85325b132b9d98b94:340e28a5ade9b45e01376b081da658f1$"
}
}
