{"frames": [

{
	"filename": "animation_favorite_0.png",
	"frame": {"x":253,"y":453,"w":50,"h":50},
	"rotated": false,
	"trimmed": true,
	"spriteSourceSize": {"x":75,"y":75,"w":50,"h":50},
	"sourceSize": {"w":200,"h":200}
},
{
	"filename": "animation_favorite_1.png",
	"frame": {"x":305,"y":453,"w":50,"h":50},
	"rotated": false,
	"trimmed": true,
	"spriteSourceSize": {"x":75,"y":75,"w":50,"h":50},
	"sourceSize": {"w":200,"h":200}
},
{
	"filename": "animation_favorite_2.png",
	"frame": {"x":329,"y":377,"w":46,"h":46},
	"rotated": false,
	"trimmed": true,
	"spriteSourceSize": {"x":77,"y":77,"w":46,"h":46},
	"sourceSize": {"w":200,"h":200}
},
{
	"filename": "animation_favorite_3.png",
	"frame": {"x":357,"y":472,"w":43,"h":43},
	"rotated": false,
	"trimmed": true,
	"spriteSourceSize": {"x":79,"y":79,"w":43,"h":43},
	"sourceSize": {"w":200,"h":200}
},
{
	"filename": "animation_favorite_4.png",
	"frame": {"x":404,"y":371,"w":39,"h":39},
	"rotated": false,
	"trimmed": true,
	"spriteSourceSize": {"x":81,"y":81,"w":39,"h":39},
	"sourceSize": {"w":200,"h":200}
},
{
	"filename": "animation_favorite_5.png",
	"frame": {"x":402,"y":472,"w":42,"h":42},
	"rotated": false,
	"trimmed": true,
	"spriteSourceSize": {"x":79,"y":79,"w":42,"h":42},
	"sourceSize": {"w":200,"h":200}
},
{
	"filename": "animation_favorite_6.png",
	"frame": {"x":357,"y":425,"w":45,"h":45},
	"rotated": false,
	"trimmed": true,
	"spriteSourceSize": {"x":78,"y":78,"w":45,"h":45},
	"sourceSize": {"w":200,"h":200}
},
{
	"filename": "animation_favorite_7.png",
	"frame": {"x":253,"y":377,"w":74,"h":74},
	"rotated": false,
	"trimmed": true,
	"spriteSourceSize": {"x":63,"y":63,"w":74,"h":74},
	"sourceSize": {"w":200,"h":200}
},
{
	"filename": "animation_favorite_8.png",
	"frame": {"x":141,"y":377,"w":110,"h":110},
	"rotated": false,
	"trimmed": true,
	"spriteSourceSize": {"x":45,"y":45,"w":110,"h":110},
	"sourceSize": {"w":200,"h":200}
},
{
	"filename": "animation_favorite_9.png",
	"frame": {"x":1,"y":377,"w":138,"h":138},
	"rotated": false,
	"trimmed": true,
	"spriteSourceSize": {"x":31,"y":31,"w":138,"h":138},
	"sourceSize": {"w":200,"h":200}
},
{
	"filename": "animation_favorite_10.png",
	"frame": {"x":446,"y":371,"w":156,"h":156},
	"rotated": false,
	"trimmed": true,
	"spriteSourceSize": {"x":22,"y":22,"w":156,"h":156},
	"sourceSize": {"w":200,"h":200}
},
{
	"filename": "animation_favorite_11.png",
	"frame": {"x":744,"y":357,"w":166,"h":166},
	"rotated": false,
	"trimmed": true,
	"spriteSourceSize": {"x":17,"y":17,"w":166,"h":166},
	"sourceSize": {"w":200,"h":200}
},
{
	"filename": "animation_favorite_12.png",
	"frame": {"x":744,"y":1,"w":176,"h":176},
	"rotated": false,
	"trimmed": true,
	"spriteSourceSize": {"x":12,"y":12,"w":176,"h":176},
	"sourceSize": {"w":200,"h":200}
},
{
	"filename": "animation_favorite_13.png",
	"frame": {"x":376,"y":187,"w":182,"h":182},
	"rotated": false,
	"trimmed": true,
	"spriteSourceSize": {"x":9,"y":9,"w":182,"h":182},
	"sourceSize": {"w":200,"h":200}
},
{
	"filename": "animation_favorite_14.png",
	"frame": {"x":189,"y":1,"w":186,"h":185},
	"rotated": true,
	"trimmed": true,
	"spriteSourceSize": {"x":7,"y":8,"w":186,"h":185},
	"sourceSize": {"w":200,"h":200}
},
{
	"filename": "animation_favorite_15.png",
	"frame": {"x":1,"y":1,"w":186,"h":186},
	"rotated": false,
	"trimmed": true,
	"spriteSourceSize": {"x":7,"y":7,"w":186,"h":186},
	"sourceSize": {"w":200,"h":200}
},
{
	"filename": "animation_favorite_16.png",
	"frame": {"x":1,"y":189,"w":186,"h":186},
	"rotated": false,
	"trimmed": true,
	"spriteSourceSize": {"x":7,"y":7,"w":186,"h":186},
	"sourceSize": {"w":200,"h":200}
},
{
	"filename": "animation_favorite_17.png",
	"frame": {"x":189,"y":189,"w":186,"h":185},
	"rotated": true,
	"trimmed": true,
	"spriteSourceSize": {"x":7,"y":8,"w":186,"h":185},
	"sourceSize": {"w":200,"h":200}
},
{
	"filename": "animation_favorite_18.png",
	"frame": {"x":376,"y":1,"w":184,"h":184},
	"rotated": false,
	"trimmed": true,
	"spriteSourceSize": {"x":8,"y":8,"w":184,"h":184},
	"sourceSize": {"w":200,"h":200}
},
{
	"filename": "animation_favorite_19.png",
	"frame": {"x":560,"y":187,"w":182,"h":182},
	"rotated": false,
	"trimmed": true,
	"spriteSourceSize": {"x":9,"y":9,"w":182,"h":182},
	"sourceSize": {"w":200,"h":200}
},
{
	"filename": "animation_favorite_20.png",
	"frame": {"x":562,"y":1,"w":180,"h":180},
	"rotated": false,
	"trimmed": true,
	"spriteSourceSize": {"x":10,"y":10,"w":180,"h":180},
	"sourceSize": {"w":200,"h":200}
},
{
	"filename": "animation_favorite_21.png",
	"frame": {"x":744,"y":179,"w":176,"h":176},
	"rotated": false,
	"trimmed": true,
	"spriteSourceSize": {"x":12,"y":12,"w":176,"h":176},
	"sourceSize": {"w":200,"h":200}
}],
"meta": {
	"app": "https://www.codeandweb.com/texturepacker",
	"version": "1.0",
	"image": "animation_favorite.png",
	"format": "ETC2_RGBA",
	"size": {"w":921,"h":528},
	"scale": "1",
	"smartupdate": "$TexturePacker:SmartUpdate:d79bfb7975b555ec018f520ea25db1cf:c8497f221d28872ec9b2594f5b98291a:c70d1d2c6e4e1311f652b360f5262a0c$"
}
}
